day,Lower-Mid,Mid
2001-01-11T00:00:00Z,NA,12.62
2001-01-12T00:00:00Z,NA,11.75
2001-01-13T00:00:00Z,NA,14.36
2001-01-14T00:00:00Z,NA,12.91
2001-01-15T00:00:00Z,NA,13.19
2001-01-16T00:00:00Z,NA,13.19
2001-01-17T00:00:00Z,NA,12.62
2001-01-18T00:00:00Z,NA,12.33
2001-01-19T00:00:00Z,NA,12.91
2001-01-20T00:00:00Z,NA,13.77
2001-01-21T00:00:00Z,NA,18.49
2001-01-22T00:00:00Z,NA,15.53
2001-01-23T00:00:00Z,NA,17.6
2001-01-24T00:00:00Z,NA,12.91
2001-01-25T00:00:00Z,NA,13.77
2001-01-26T00:00:00Z,NA,13.19
2001-01-27T00:00:00Z,NA,12.62
2001-01-28T00:00:00Z,NA,12.33
2001-01-29T00:00:00Z,NA,13.77
2001-01-30T00:00:00Z,NA,12.33
2001-01-31T00:00:00Z,NA,11.75
2001-02-01T00:00:00Z,NA,12.91
2001-02-02T00:00:00Z,NA,13.77
2001-02-03T00:00:00Z,NA,15.82
2001-02-04T00:00:00Z,NA,16.71
2001-02-05T00:00:00Z,NA,23.09
2001-02-06T00:00:00Z,NA,19.69
2001-02-07T00:00:00Z,NA,14.07
2001-02-08T00:00:00Z,NA,14.65
2001-02-09T00:00:00Z,NA,18.79
2001-02-10T00:00:00Z,NA,9.45
2001-02-11T00:00:00Z,NA,15.53
2001-02-12T00:00:00Z,NA,11.18
2001-02-13T00:00:00Z,NA,11.75
2001-02-14T00:00:00Z,NA,11.46
2001-02-15T00:00:00Z,NA,12.62
2001-02-16T00:00:00Z,NA,12.62
2001-02-17T00:00:00Z,NA,18.49
2001-02-18T00:00:00Z,NA,16.12
2001-02-19T00:00:00Z,NA,18.19
2001-02-20T00:00:00Z,NA,19.09
2001-02-21T00:00:00Z,NA,20.61
2001-02-22T00:00:00Z,NA,14.94
2001-02-23T00:00:00Z,NA,15.53
2001-02-24T00:00:00Z,NA,15.53
2001-02-25T00:00:00Z,NA,14.65
2001-02-26T00:00:00Z,NA,13.77
2001-02-27T00:00:00Z,NA,13.48
2001-02-28T00:00:00Z,NA,13.77
2001-03-01T00:00:00Z,NA,13.48
2001-03-02T00:00:00Z,NA,13.19
2001-03-03T00:00:00Z,NA,12.91
2001-03-04T00:00:00Z,NA,12.33
2001-03-05T00:00:00Z,NA,12.33
2001-03-06T00:00:00Z,NA,14.36
2001-03-07T00:00:00Z,NA,18.49
2001-03-08T00:00:00Z,NA,19.99
2001-03-09T00:00:00Z,NA,13.77
2001-03-10T00:00:00Z,NA,15.53
2001-03-11T00:00:00Z,NA,17.3
2001-03-12T00:00:00Z,NA,13.19
2001-03-13T00:00:00Z,NA,15.23
2001-03-14T00:00:00Z,NA,13.77
2001-03-15T00:00:00Z,NA,13.19
2001-03-16T00:00:00Z,NA,12.62
2001-03-17T00:00:00Z,NA,13.48
2001-03-18T00:00:00Z,NA,16.41
2001-03-19T00:00:00Z,NA,22.78
2001-03-20T00:00:00Z,NA,26.97
2001-03-21T00:00:00Z,NA,22.47
2001-03-22T00:00:00Z,NA,14.94
2001-03-23T00:00:00Z,NA,28.31
2001-03-24T00:00:00Z,NA,17.3
2001-03-25T00:00:00Z,NA,25.01
2001-03-26T00:00:00Z,NA,19.09
2001-03-27T00:00:00Z,NA,16.12
2001-03-28T00:00:00Z,NA,17.9
2001-03-29T00:00:00Z,NA,14.65
2001-03-30T00:00:00Z,NA,13.19
2001-03-31T00:00:00Z,NA,12.62
2001-04-01T00:00:00Z,NA,11.75
2001-04-02T00:00:00Z,NA,12.62
2001-04-03T00:00:00Z,NA,13.48
2001-04-04T00:00:00Z,NA,17.6
2001-04-05T00:00:00Z,NA,18.79
2001-04-06T00:00:00Z,NA,17.01
2001-04-07T00:00:00Z,NA,11.75
2001-04-08T00:00:00Z,NA,15.82
2001-04-09T00:00:00Z,NA,18.49
2001-04-10T00:00:00Z,NA,12.04
2001-04-11T00:00:00Z,NA,13.19
2001-04-12T00:00:00Z,NA,12.62
2001-04-13T00:00:00Z,NA,12.91
2001-04-14T00:00:00Z,NA,12.04
2001-04-15T00:00:00Z,NA,12.91
2001-04-16T00:00:00Z,NA,14.07
2001-04-17T00:00:00Z,NA,21.53
2001-04-18T00:00:00Z,NA,21.22
2001-04-19T00:00:00Z,NA,24.37
2001-04-20T00:00:00Z,NA,23.41
2001-04-21T00:00:00Z,NA,14.94
2001-04-22T00:00:00Z,NA,19.39
2001-04-23T00:00:00Z,NA,20.61
2001-04-24T00:00:00Z,NA,22.47
2001-04-25T00:00:00Z,NA,21.22
2001-04-26T00:00:00Z,NA,14.65
2001-04-27T00:00:00Z,NA,11.75
2001-04-28T00:00:00Z,NA,13.19
2001-04-29T00:00:00Z,NA,12.91
2001-04-30T00:00:00Z,NA,12.33
2001-05-01T00:00:00Z,NA,12.62
2001-05-02T00:00:00Z,NA,12.91
2001-05-03T00:00:00Z,NA,14.65
2001-05-04T00:00:00Z,NA,28.98
2001-05-05T00:00:00Z,NA,32.51
2001-05-06T00:00:00Z,NA,23.09
2001-05-07T00:00:00Z,NA,25.01
2001-05-08T00:00:00Z,NA,31.43
2001-05-09T00:00:00Z,NA,19.99
2001-05-10T00:00:00Z,NA,15.82
2001-05-11T00:00:00Z,NA,13.77
2001-05-12T00:00:00Z,NA,12.91
2001-05-13T00:00:00Z,NA,13.77
2001-05-14T00:00:00Z,NA,14.36
2001-05-15T00:00:00Z,NA,14.36
2001-05-16T00:00:00Z,NA,14.36
2001-05-17T00:00:00Z,NA,13.77
2001-05-18T00:00:00Z,NA,14.07
2001-05-19T00:00:00Z,NA,12.91
2001-05-20T00:00:00Z,NA,14.36
2001-05-21T00:00:00Z,NA,14.36
2001-05-22T00:00:00Z,NA,15.53
2001-05-23T00:00:00Z,NA,15.53
2001-05-24T00:00:00Z,NA,17.6
2001-05-25T00:00:00Z,NA,19.69
2001-05-26T00:00:00Z,NA,15.53
2001-05-27T00:00:00Z,NA,14.94
2001-05-28T00:00:00Z,NA,14.65
2001-05-29T00:00:00Z,NA,15.23
2001-05-30T00:00:00Z,NA,14.36
2001-05-31T00:00:00Z,NA,14.65
2001-06-01T00:00:00Z,NA,15.53
2001-06-02T00:00:00Z,NA,17.01
2001-06-03T00:00:00Z,NA,16.12
2001-06-04T00:00:00Z,NA,15.53
2001-06-05T00:00:00Z,NA,17.3
2001-06-06T00:00:00Z,NA,17.6
2001-06-07T00:00:00Z,NA,19.09
2001-06-08T00:00:00Z,NA,15.82
2001-06-09T00:00:00Z,NA,15.53
2001-06-10T00:00:00Z,NA,14.65
2001-06-11T00:00:00Z,NA,14.07
2001-06-12T00:00:00Z,NA,14.07
2001-06-13T00:00:00Z,NA,13.19
2001-06-14T00:00:00Z,NA,12.33
2001-06-15T00:00:00Z,NA,13.48
2001-06-16T00:00:00Z,NA,13.48
2001-06-17T00:00:00Z,NA,13.48
2001-06-18T00:00:00Z,NA,13.48
2001-06-19T00:00:00Z,NA,15.53
2001-06-20T00:00:00Z,NA,16.12
2001-06-21T00:00:00Z,NA,19.39
2001-06-22T00:00:00Z,NA,18.49
2001-06-23T00:00:00Z,NA,17.3
2001-06-24T00:00:00Z,NA,16.71
2001-06-25T00:00:00Z,NA,16.41
2001-06-26T00:00:00Z,NA,16.12
2001-06-27T00:00:00Z,NA,16.41
2001-06-28T00:00:00Z,NA,14.94
2001-06-29T00:00:00Z,NA,14.94
2001-06-30T00:00:00Z,NA,15.23
2001-07-01T00:00:00Z,NA,15.23
2001-07-02T00:00:00Z,NA,14.94
2001-07-03T00:00:00Z,NA,15.53
2001-07-04T00:00:00Z,NA,17.9
2001-07-05T00:00:00Z,NA,16.12
2001-07-06T00:00:00Z,NA,16.12
2001-07-07T00:00:00Z,NA,15.23
2001-07-08T00:00:00Z,NA,16.41
2001-07-09T00:00:00Z,NA,17.6
2001-07-10T00:00:00Z,NA,17.3
2001-07-11T00:00:00Z,NA,17.3
2001-07-12T00:00:00Z,NA,17.01
2001-07-13T00:00:00Z,NA,16.12
2001-07-14T00:00:00Z,NA,15.23
2001-07-15T00:00:00Z,NA,14.36
2001-07-16T00:00:00Z,NA,13.19
2001-07-17T00:00:00Z,NA,13.48
2001-07-18T00:00:00Z,NA,15.23
2001-07-19T00:00:00Z,NA,16.41
2001-07-20T00:00:00Z,NA,17.3
2001-07-21T00:00:00Z,NA,16.71
2001-07-22T00:00:00Z,NA,17.01
2001-07-23T00:00:00Z,NA,16.12
2001-07-24T00:00:00Z,NA,16.41
2001-07-25T00:00:00Z,NA,14.07
2001-07-26T00:00:00Z,NA,14.65
2001-07-27T00:00:00Z,NA,15.82
2001-07-28T00:00:00Z,NA,15.53
2001-07-29T00:00:00Z,NA,15.23
2001-07-30T00:00:00Z,NA,14.36
2001-07-31T00:00:00Z,NA,14.94
2001-08-01T00:00:00Z,NA,15.23
2001-08-02T00:00:00Z,NA,16.12
2001-08-03T00:00:00Z,NA,16.71
2001-08-04T00:00:00Z,NA,17.3
2001-08-05T00:00:00Z,NA,17.9
2001-08-06T00:00:00Z,NA,17.01
2001-08-07T00:00:00Z,NA,16.41
2001-08-08T00:00:00Z,NA,15.53
2001-08-09T00:00:00Z,NA,13.77
2001-08-10T00:00:00Z,NA,14.65
2001-08-11T00:00:00Z,NA,15.53
2001-08-12T00:00:00Z,NA,15.23
2001-08-13T00:00:00Z,NA,15.23
2001-08-14T00:00:00Z,NA,14.94
2001-08-15T00:00:00Z,NA,14.07
2002-03-01T00:00:00Z,NA,12.573333333333332
2002-03-02T00:00:00Z,NA,17.46
2002-03-03T00:00:00Z,NA,14.606666666666666
2002-03-04T00:00:00Z,NA,15.48
2002-03-05T00:00:00Z,NA,14.896666666666667
2002-03-06T00:00:00Z,NA,14.993333333333334
2002-03-07T00:00:00Z,NA,13.153333333333332
2002-03-08T00:00:00Z,NA,14.313333333333333
2002-03-09T00:00:00Z,NA,19.96666666666667
2002-03-10T00:00:00Z,NA,21.59
2002-03-11T00:00:00Z,NA,23.26
2002-03-12T00:00:00Z,NA,22.946666666666665
2002-03-13T00:00:00Z,NA,19.25
2002-03-14T00:00:00Z,NA,15.48
2002-03-15T00:00:00Z,NA,15.19
2002-03-16T00:00:00Z,NA,13.926666666666666
2002-03-17T00:00:00Z,NA,12.863333333333333
2002-03-18T00:00:00Z,NA,11.706666666666667
2002-03-19T00:00:00Z,NA,12.476666666666667
2002-03-20T00:00:00Z,NA,13.443333333333333
2002-03-21T00:00:00Z,NA,13.736666666666666
2002-03-22T00:00:00Z,NA,14.416666666666666
2002-03-23T00:00:00Z,NA,11.513333333333334
2002-03-24T00:00:00Z,NA,17.173333333333332
2002-03-25T00:00:00Z,NA,19.146666666666665
2002-03-26T00:00:00Z,NA,19.653333333333332
2002-03-27T00:00:00Z,NA,21.906666666666666
2002-03-28T00:00:00Z,NA,19.346666666666668
2002-03-29T00:00:00Z,NA,23.046666666666667
2002-03-30T00:00:00Z,NA,15.773333333333333
2002-03-31T00:00:00Z,NA,14.313333333333334
2002-04-01T00:00:00Z,NA,12.573333333333332
2002-04-02T00:00:00Z,NA,12.19
2002-04-03T00:00:00Z,NA,12.19
2002-04-04T00:00:00Z,NA,12.476666666666667
2002-04-05T00:00:00Z,NA,13.926666666666668
2002-04-06T00:00:00Z,NA,17.193333333333335
2002-04-07T00:00:00Z,NA,19.583333333333332
2002-04-08T00:00:00Z,NA,21.483333333333334
2002-04-09T00:00:00Z,NA,17.053333333333335
2002-04-10T00:00:00Z,NA,20.876666666666665
2002-04-11T00:00:00Z,NA,21.376666666666665
2002-04-12T00:00:00Z,NA,22.203333333333333
2002-04-13T00:00:00Z,NA,20.253333333333334
2002-04-14T00:00:00Z,NA,19.37
2002-04-15T00:00:00Z,NA,14.51
2002-04-16T00:00:00Z,NA,12.96
2002-04-17T00:00:00Z,NA,12.186666666666666
2002-04-18T00:00:00Z,NA,12.573333333333332
2002-04-19T00:00:00Z,NA,12.283333333333333
2002-04-20T00:00:00Z,NA,12.38
2002-04-21T00:00:00Z,NA,12.959999999999999
2002-04-22T00:00:00Z,NA,18.306666666666665
2002-04-23T00:00:00Z,NA,28.436666666666667
2002-04-24T00:00:00Z,NA,24.53
2002-04-25T00:00:00Z,NA,30.676666666666666
2002-04-26T00:00:00Z,NA,23.78
2002-04-27T00:00:00Z,NA,15.386666666666667
2002-04-28T00:00:00Z,NA,22.516666666666666
2002-04-29T00:00:00Z,NA,20.496666666666666
2002-04-30T00:00:00Z,NA,14.413333333333334
2002-05-01T00:00:00Z,NA,14.216666666666667
2002-05-02T00:00:00Z,NA,13.056666666666667
2002-05-03T00:00:00Z,NA,13.25
2002-05-04T00:00:00Z,NA,13.926666666666668
2002-05-05T00:00:00Z,NA,14.61
2002-05-06T00:00:00Z,NA,16.386666666666667
2002-05-07T00:00:00Z,NA,15.203333333333333
2002-05-08T00:00:00Z,NA,15.506666666666666
2002-05-09T00:00:00Z,NA,19.91
2002-05-10T00:00:00Z,NA,17.676666666666666
2002-05-11T00:00:00Z,NA,15.69
2002-05-12T00:00:00Z,NA,18.883333333333333
2002-05-13T00:00:00Z,NA,19.94
2002-05-14T00:00:00Z,NA,14.316666666666666
2002-05-15T00:00:00Z,NA,13.25
2002-05-16T00:00:00Z,NA,11.996666666666666
2002-05-17T00:00:00Z,NA,11.9
2002-05-18T00:00:00Z,NA,12.286666666666667
2002-05-19T00:00:00Z,NA,12.67
2002-05-20T00:00:00Z,NA,11.61
2002-05-21T00:00:00Z,NA,12.67
2002-05-22T00:00:00Z,NA,13.54
2002-05-23T00:00:00Z,NA,16.296666666666667
2002-05-24T00:00:00Z,NA,18.009999999999998
2002-05-25T00:00:00Z,NA,22.28
2002-05-26T00:00:00Z,NA,20.543333333333333
2002-05-27T00:00:00Z,NA,19.34
2002-05-28T00:00:00Z,NA,15.093333333333332
2002-05-29T00:00:00Z,NA,14.12
2002-05-30T00:00:00Z,NA,14.023333333333333
2002-05-31T00:00:00Z,NA,12.476666666666667
2002-06-01T00:00:00Z,NA,12.286666666666667
2002-06-02T00:00:00Z,NA,12.19
2002-06-03T00:00:00Z,NA,13.153333333333334
2002-06-04T00:00:00Z,NA,13.443333333333333
2002-06-05T00:00:00Z,NA,12.959999999999999
2002-06-06T00:00:00Z,NA,12.573333333333332
2002-06-07T00:00:00Z,NA,13.056666666666667
2002-06-08T00:00:00Z,NA,12.766666666666666
2002-06-09T00:00:00Z,NA,12.766666666666666
2002-06-10T00:00:00Z,NA,13.056666666666667
2002-06-11T00:00:00Z,NA,14.023333333333333
2002-06-12T00:00:00Z,NA,14.023333333333333
2002-06-13T00:00:00Z,NA,15.386666666666667
2002-06-14T00:00:00Z,NA,14.896666666666667
2002-06-15T00:00:00Z,NA,14.313333333333334
2002-06-16T00:00:00Z,NA,14.216666666666667
2002-06-17T00:00:00Z,NA,14.023333333333333
2002-06-18T00:00:00Z,NA,13.443333333333333
2002-06-19T00:00:00Z,NA,13.926666666666666
2002-06-20T00:00:00Z,NA,13.153333333333334
2002-06-21T00:00:00Z,NA,11.706666666666667
2002-06-22T00:00:00Z,NA,13.83
2002-06-23T00:00:00Z,NA,15.39
2002-06-24T00:00:00Z,NA,15.393333333333333
2002-06-25T00:00:00Z,NA,14.216666666666667
2002-06-26T00:00:00Z,NA,14.41
2002-06-27T00:00:00Z,NA,15.68
2002-06-28T00:00:00Z,NA,14.893333333333333
2002-06-29T00:00:00Z,NA,14.023333333333333
2002-06-30T00:00:00Z,NA,13.733333333333333
2002-07-01T00:00:00Z,NA,13.056666666666667
2002-07-02T00:00:00Z,NA,12.766666666666666
2002-07-03T00:00:00Z,NA,13.443333333333333
2002-07-04T00:00:00Z,NA,14.216666666666667
2002-07-05T00:00:00Z,NA,13.636666666666667
2002-07-06T00:00:00Z,NA,14.12
2002-07-07T00:00:00Z,NA,13.926666666666668
2002-07-08T00:00:00Z,NA,14.7
2002-07-09T00:00:00Z,NA,14.703333333333333
2002-07-10T00:00:00Z,NA,15.29
2002-07-11T00:00:00Z,NA,15.486666666666666
2002-07-12T00:00:00Z,NA,14.023333333333333
2002-07-13T00:00:00Z,NA,14.796666666666667
2002-07-14T00:00:00Z,NA,15.38
2002-07-15T00:00:00Z,NA,15.286666666666667
2002-07-16T00:00:00Z,NA,14.796666666666667
2002-07-17T00:00:00Z,NA,14.603333333333333
2002-07-18T00:00:00Z,NA,14.603333333333333
2002-07-19T00:00:00Z,NA,14.896666666666667
2002-07-20T00:00:00Z,NA,14.700000000000001
2002-07-21T00:00:00Z,NA,14.41
2002-07-22T00:00:00Z,NA,14.893333333333334
2002-07-23T00:00:00Z,NA,15.773333333333333
2002-07-24T00:00:00Z,NA,18.456666666666667
2002-07-25T00:00:00Z,NA,17.453333333333333
2002-07-26T00:00:00Z,NA,16.86
2002-07-27T00:00:00Z,NA,17.153333333333332
2002-07-28T00:00:00Z,NA,14.41
2002-07-29T00:00:00Z,NA,15.476666666666667
2002-07-30T00:00:00Z,NA,15.966666666666667
2002-07-31T00:00:00Z,NA,14.603333333333333
2002-08-01T00:00:00Z,NA,14.7
2002-08-02T00:00:00Z,NA,14.993333333333332
2002-08-03T00:00:00Z,NA,14.896666666666667
2002-08-04T00:00:00Z,NA,15.870000000000001
2002-08-05T00:00:00Z,NA,16.856666666666666
2002-08-06T00:00:00Z,NA,15.966666666666667
2002-08-07T00:00:00Z,NA,16.26
2002-08-08T00:00:00Z,NA,16.856666666666666
2002-08-09T00:00:00Z,NA,18.763333333333335
2002-08-10T00:00:00Z,NA,20.19
2002-08-11T00:00:00Z,NA,16.66
2002-08-12T00:00:00Z,NA,16.85666666666667
2002-08-13T00:00:00Z,NA,15.966666666666667
2002-08-14T00:00:00Z,NA,13.926666666666666
2002-08-15T00:00:00Z,NA,14.023333333333333
2002-08-16T00:00:00Z,NA,14.313333333333333
2002-08-17T00:00:00Z,NA,14.313333333333333
2002-08-18T00:00:00Z,NA,14.603333333333333
2002-08-19T00:00:00Z,NA,14.506666666666666
2002-08-20T00:00:00Z,NA,14.993333333333334
2002-08-21T00:00:00Z,NA,15.773333333333333
2002-08-22T00:00:00Z,NA,17.456666666666667
2002-08-23T00:00:00Z,NA,19.07
2002-08-24T00:00:00Z,NA,19.566666666666666
2002-08-25T00:00:00Z,NA,18.153333333333332
2002-08-26T00:00:00Z,NA,16.463333333333335
2002-08-27T00:00:00Z,NA,14.12
2002-08-28T00:00:00Z,NA,13.54
2002-08-29T00:00:00Z,NA,13.056666666666667
2002-08-30T00:00:00Z,NA,13.733333333333333
2002-08-31T00:00:00Z,NA,14.023333333333333
2002-09-01T00:00:00Z,NA,13.733333333333333
2002-09-02T00:00:00Z,NA,13.733333333333333
2002-09-03T00:00:00Z,NA,14.313333333333333
2002-09-04T00:00:00Z,NA,13.636666666666667
2002-09-05T00:00:00Z,NA,14.216666666666667
2002-09-06T00:00:00Z,NA,15.286666666666667
2002-09-07T00:00:00Z,NA,19.37
2002-09-08T00:00:00Z,NA,19.65
2002-09-09T00:00:00Z,NA,19.753333333333334
2002-09-10T00:00:00Z,NA,17.163333333333334
2002-09-11T00:00:00Z,NA,14.799999999999999
2002-09-12T00:00:00Z,NA,13.443333333333333
2002-09-13T00:00:00Z,NA,13.733333333333333
2002-09-14T00:00:00Z,NA,14.023333333333333
2002-09-15T00:00:00Z,NA,13.636666666666667
2002-09-16T00:00:00Z,NA,13.733333333333333
2002-09-17T00:00:00Z,NA,14.603333333333333
2002-09-18T00:00:00Z,NA,13.733333333333333
2002-09-19T00:00:00Z,NA,13.926666666666668
2002-09-20T00:00:00Z,NA,13.443333333333333
2002-09-21T00:00:00Z,NA,14.606666666666667
2002-09-22T00:00:00Z,NA,15.873333333333333
2002-09-23T00:00:00Z,NA,17.453333333333333
2002-09-24T00:00:00Z,NA,18.156666666666666
2002-09-25T00:00:00Z,NA,15.19
2002-09-26T00:00:00Z,NA,13.153333333333332
2002-09-27T00:00:00Z,NA,13.733333333333333
2002-09-28T00:00:00Z,NA,13.153333333333332
2002-09-29T00:00:00Z,NA,13.733333333333333
2002-09-30T00:00:00Z,NA,13.733333333333333
2002-10-01T00:00:00Z,NA,14.603333333333333
2002-10-02T00:00:00Z,NA,14.023333333333333
2002-10-03T00:00:00Z,NA,14.120000000000001
2002-10-04T00:00:00Z,NA,15.186666666666667
2002-10-05T00:00:00Z,NA,20.69
2002-10-06T00:00:00Z,NA,23.903333333333332
2002-10-07T00:00:00Z,NA,23.886666666666667
2002-10-08T00:00:00Z,NA,22.946666666666665
2002-10-09T00:00:00Z,NA,17.153333333333332
2002-10-10T00:00:00Z,NA,15.286666666666667
2002-10-11T00:00:00Z,NA,14.603333333333333
2002-10-12T00:00:00Z,NA,14.993333333333332
2002-10-13T00:00:00Z,NA,14.603333333333333
2002-11-08T00:00:00Z,NA,13.545
2002-11-09T00:00:00Z,NA,13.835
2002-11-10T00:00:00Z,NA,13.835
2002-11-11T00:00:00Z,NA,13.835
2002-11-12T00:00:00Z,NA,13.973333333333333
2002-11-13T00:00:00Z,NA,14.163333333333334
2002-11-14T00:00:00Z,NA,15.623333333333333
2002-11-15T00:00:00Z,NA,17.093333333333334
2002-11-16T00:00:00Z,NA,20.71
2002-11-17T00:00:00Z,NA,20.083333333333332
2002-11-18T00:00:00Z,NA,18.483333333333334
2002-11-19T00:00:00Z,NA,16.796666666666667
2002-11-20T00:00:00Z,NA,15.916666666666666
2002-11-21T00:00:00Z,NA,14.743333333333334
2002-11-22T00:00:00Z,NA,14.360000000000001
2002-11-23T00:00:00Z,NA,14.07
2002-11-24T00:00:00Z,NA,13.876666666666667
2002-11-25T00:00:00Z,NA,13.683333333333334
2002-11-26T00:00:00Z,NA,13.2
2002-11-27T00:00:00Z,NA,12.91
2002-11-28T00:00:00Z,NA,13.393333333333333
2002-11-29T00:00:00Z,NA,13.973333333333333
2002-11-30T00:00:00Z,NA,14.653333333333334
2002-12-01T00:00:00Z,NA,17.886666666666667
2002-12-02T00:00:00Z,NA,23.393333333333334
2002-12-03T00:00:00Z,NA,20.906666666666666
2002-12-04T00:00:00Z,NA,20.186666666666667
2002-12-05T00:00:00Z,NA,16.703333333333333
2002-12-06T00:00:00Z,NA,14.456666666666667
2002-12-07T00:00:00Z,NA,14.163333333333334
2002-12-08T00:00:00Z,NA,14.456666666666667
2002-12-09T00:00:00Z,NA,14.456666666666667
2002-12-10T00:00:00Z,NA,14.456666666666667
2002-12-11T00:00:00Z,NA,14.746666666666666
2002-12-12T00:00:00Z,NA,15.14
2002-12-13T00:00:00Z,NA,15.719999999999999
2002-12-14T00:00:00Z,NA,14.066666666666666
2002-12-15T00:00:00Z,NA,14.456666666666667
2002-12-16T00:00:00Z,NA,14.65
2002-12-17T00:00:00Z,NA,15.136666666666667
2002-12-18T00:00:00Z,NA,15.43
2002-12-19T00:00:00Z,NA,16.21333333333333
2002-12-20T00:00:00Z,NA,13.586666666666666
2002-12-21T00:00:00Z,NA,14.356666666666667
2002-12-22T00:00:00Z,NA,13.876666666666667
2002-12-23T00:00:00Z,NA,14.163333333333334
2002-12-24T00:00:00Z,NA,13.876666666666667
2002-12-25T00:00:00Z,NA,13.876666666666667
2002-12-26T00:00:00Z,NA,13.78
2002-12-27T00:00:00Z,NA,13.586666666666666
2002-12-28T00:00:00Z,NA,14.36
2002-12-29T00:00:00Z,NA,14.066666666666666
2002-12-30T00:00:00Z,NA,18.693333333333335
2002-12-31T00:00:00Z,NA,23.206666666666667
2003-01-01T00:00:00Z,NA,19.096666666666668
2003-01-02T00:00:00Z,NA,17.69
2003-01-03T00:00:00Z,NA,14.26
2003-01-04T00:00:00Z,NA,13.780000000000001
2003-01-05T00:00:00Z,NA,13.49
2003-01-06T00:00:00Z,NA,13.49
2003-01-07T00:00:00Z,NA,13.2
2003-01-08T00:00:00Z,NA,13.393333333333334
2003-01-09T00:00:00Z,NA,13.49
2003-01-10T00:00:00Z,NA,13.586666666666666
2003-01-11T00:00:00Z,NA,13.97
2003-01-12T00:00:00Z,NA,15.136666666666667
2003-01-13T00:00:00Z,NA,16.5
2003-01-14T00:00:00Z,NA,16.896666666666665
2003-01-15T00:00:00Z,NA,20.80666666666667
2003-01-16T00:00:00Z,NA,22.55666666666667
2003-01-17T00:00:00Z,NA,21.426666666666666
2003-01-18T00:00:00Z,NA,16.996666666666666
2003-01-19T00:00:00Z,NA,15.236666666666666
2003-01-20T00:00:00Z,NA,13.876666666666667
2003-01-21T00:00:00Z,NA,13.586666666666666
2003-01-22T00:00:00Z,NA,13.973333333333334
2003-01-23T00:00:00Z,NA,13.876666666666667
2003-01-24T00:00:00Z,NA,14.07
2003-01-25T00:00:00Z,NA,14.356666666666667
2003-01-26T00:00:00Z,NA,18.583333333333332
2003-01-27T00:00:00Z,NA,26.78
2003-01-28T00:00:00Z,NA,20.906666666666666
2003-01-29T00:00:00Z,NA,22.676666666666666
2003-01-30T00:00:00Z,NA,20.713333333333335
2003-01-31T00:00:00Z,NA,23.09
2003-02-01T00:00:00Z,NA,16.6
2003-02-02T00:00:00Z,NA,14.356666666666667
2003-02-03T00:00:00Z,NA,13.49
2003-02-04T00:00:00Z,NA,13.393333333333333
2003-02-05T00:00:00Z,NA,13.586666666666668
2003-02-06T00:00:00Z,NA,13.393333333333333
2003-02-07T00:00:00Z,NA,13.586666666666666
2003-02-08T00:00:00Z,NA,12.91
2003-02-09T00:00:00Z,NA,15.333333333333334
2003-02-10T00:00:00Z,NA,22.64
2003-02-11T00:00:00Z,NA,26.723333333333333
2003-02-12T00:00:00Z,NA,19.09
2003-02-13T00:00:00Z,NA,20.713333333333335
2003-02-14T00:00:00Z,NA,24.03333333333333
2003-02-15T00:00:00Z,NA,19.39666666666667
2003-02-16T00:00:00Z,NA,17.296666666666667
2003-02-17T00:00:00Z,NA,15.913333333333332
2003-02-18T00:00:00Z,NA,14.456666666666667
2003-02-19T00:00:00Z,NA,14.55
2003-02-20T00:00:00Z,NA,14.163333333333334
2003-02-21T00:00:00Z,NA,13.78
2003-02-22T00:00:00Z,NA,14.360000000000001
2003-02-23T00:00:00Z,NA,15.43
2003-02-24T00:00:00Z,NA,16.02
2003-02-25T00:00:00Z,NA,13.393333333333333
2003-02-26T00:00:00Z,NA,25.80333333333333
2003-02-27T00:00:00Z,NA,24.073333333333334
2003-02-28T00:00:00Z,NA,19.486666666666665
2003-03-01T00:00:00Z,NA,22.556666666666665
2003-03-02T00:00:00Z,NA,18.083333333333336
2003-03-03T00:00:00Z,NA,15.036666666666667
2003-03-04T00:00:00Z,NA,13.2
2003-03-05T00:00:00Z,NA,13.586666666666666
2003-03-06T00:00:00Z,NA,13.393333333333333
2003-03-07T00:00:00Z,NA,13.586666666666666
2003-03-08T00:00:00Z,NA,13.780000000000001
2003-03-09T00:00:00Z,NA,14.846666666666668
2003-03-10T00:00:00Z,NA,19.203333333333333
2003-03-11T00:00:00Z,NA,23.71666666666667
2003-03-12T00:00:00Z,NA,25.57333333333333
2003-03-13T00:00:00Z,NA,23.313333333333333
2003-03-14T00:00:00Z,NA,24.56
2003-03-15T00:00:00Z,NA,24.986666666666668
2003-03-16T00:00:00Z,NA,22.26
2003-03-17T00:00:00Z,NA,16.016666666666666
2003-03-18T00:00:00Z,NA,15.043333333333333
2003-03-19T00:00:00Z,NA,13.49
2003-03-20T00:00:00Z,NA,12.043333333333333
2003-03-21T00:00:00Z,NA,12.14
2003-03-22T00:00:00Z,NA,11.563333333333333
2003-03-23T00:00:00Z,NA,12.426666666666668
2003-03-24T00:00:00Z,NA,15.433333333333334
2003-03-25T00:00:00Z,NA,25.736666666666665
2003-03-26T00:00:00Z,NA,29.883333333333333
2003-03-27T00:00:00Z,NA,21.223333333333333
2003-03-28T00:00:00Z,NA,26.02
2003-03-29T00:00:00Z,NA,30.58
2003-03-30T00:00:00Z,NA,28.763333333333332
2003-03-31T00:00:00Z,NA,26.080000000000002
2003-04-01T00:00:00Z,NA,16.81
2003-04-02T00:00:00Z,NA,12.620000000000001
2003-04-03T00:00:00Z,NA,12.620000000000001
2003-04-04T00:00:00Z,NA,12.620000000000001
2003-04-05T00:00:00Z,NA,12.14
2003-04-06T00:00:00Z,NA,12.813333333333333
2003-04-07T00:00:00Z,NA,14.363333333333333
2003-04-08T00:00:00Z,NA,18.903333333333332
2003-04-09T00:00:00Z,NA,28.78666666666667
2003-04-10T00:00:00Z,NA,29.59
2003-04-11T00:00:00Z,NA,33.723333333333336
2003-04-12T00:00:00Z,NA,27.189999999999998
2003-04-13T00:00:00Z,NA,15.623333333333333
2003-04-14T00:00:00Z,NA,29.529999999999998
2003-04-15T00:00:00Z,NA,21.113333333333333
2003-04-16T00:00:00Z,NA,22.046666666666667
2003-04-17T00:00:00Z,NA,14.653333333333334
2003-04-18T00:00:00Z,NA,13.683333333333334
2003-04-19T00:00:00Z,NA,12.716666666666667
2003-04-20T00:00:00Z,NA,12.523333333333333
2003-04-21T00:00:00Z,NA,12.333333333333334
2003-04-22T00:00:00Z,NA,13.780000000000001
2003-04-23T00:00:00Z,NA,27.453333333333333
2003-04-24T00:00:00Z,NA,25.689999999999998
2003-04-25T00:00:00Z,NA,14.75
2003-04-26T00:00:00Z,NA,28.626666666666665
2003-04-27T00:00:00Z,NA,26.223333333333333
2003-04-28T00:00:00Z,NA,30.003333333333334
2003-04-29T00:00:00Z,NA,24.486666666666668
2003-04-30T00:00:00Z,NA,17.393333333333334
2003-05-01T00:00:00Z,NA,15.82
2003-05-02T00:00:00Z,NA,13.393333333333334
2003-05-03T00:00:00Z,NA,12.813333333333334
2003-05-04T00:00:00Z,NA,13.2
2003-05-05T00:00:00Z,NA,14.356666666666667
2003-05-06T00:00:00Z,NA,14.746666666666666
2003-05-07T00:00:00Z,NA,18.02
2003-05-08T00:00:00Z,NA,28.803333333333335
2003-05-09T00:00:00Z,NA,28.009999999999998
2003-05-10T00:00:00Z,NA,25.493333333333332
2003-05-11T00:00:00Z,NA,28.37333333333333
2003-05-12T00:00:00Z,NA,28.55666666666667
2003-05-13T00:00:00Z,NA,29.793333333333333
2003-05-14T00:00:00Z,NA,29.536666666666665
2003-05-15T00:00:00Z,NA,23.006666666666668
2003-05-16T00:00:00Z,NA,16.406666666666666
2003-05-17T00:00:00Z,NA,12.91
2003-05-18T00:00:00Z,NA,11.66
2003-05-19T00:00:00Z,NA,11.566666666666666
2003-05-20T00:00:00Z,NA,12.043333333333333
2003-05-21T00:00:00Z,NA,15.136666666666667
2003-05-22T00:00:00Z,NA,22.493333333333332
2003-05-23T00:00:00Z,NA,26.303333333333335
2003-05-24T00:00:00Z,NA,27.726666666666667
2003-05-25T00:00:00Z,NA,20.503333333333334
2003-05-26T00:00:00Z,NA,32.61666666666667
2003-05-27T00:00:00Z,NA,20.9
2003-05-28T00:00:00Z,NA,21.893333333333334
2003-05-29T00:00:00Z,NA,16.906666666666666
2003-05-30T00:00:00Z,NA,13.296666666666667
2003-05-31T00:00:00Z,NA,13.683333333333334
2003-06-01T00:00:00Z,NA,13.103333333333333
2003-06-02T00:00:00Z,NA,12.716666666666667
2003-06-03T00:00:00Z,NA,12.236666666666666
2003-06-04T00:00:00Z,NA,12.813333333333334
2003-06-05T00:00:00Z,NA,15.233333333333333
2003-06-06T00:00:00Z,NA,18.013333333333332
2003-06-07T00:00:00Z,NA,24.48
2003-06-08T00:00:00Z,NA,25.846666666666668
2003-06-09T00:00:00Z,NA,22.273333333333333
2003-06-10T00:00:00Z,NA,27.296666666666667
2003-06-11T00:00:00Z,NA,25.316666666666666
2003-06-12T00:00:00Z,NA,19.8
2003-06-13T00:00:00Z,NA,18.303333333333335
2003-06-14T00:00:00Z,NA,16.606666666666666
2003-06-15T00:00:00Z,NA,15.04
2010-11-08T00:00:00Z,NA,13.57
2010-11-09T00:00:00Z,NA,13.594
2010-11-10T00:00:00Z,NA,12.799
2010-11-11T00:00:00Z,NA,13.209
2010-11-12T00:00:00Z,NA,12.896
2010-11-13T00:00:00Z,NA,12.896
2010-11-14T00:00:00Z,NA,12.823
2010-11-15T00:00:00Z,NA,12.775
2010-11-16T00:00:00Z,NA,13.209
2010-11-17T00:00:00Z,NA,13.401
2010-11-18T00:00:00Z,NA,14.967333333333332
2010-11-19T00:00:00Z,NA,14.401333333333334
2010-11-20T00:00:00Z,NA,12.461
2010-11-21T00:00:00Z,NA,14.377333333333333
2010-11-22T00:00:00Z,NA,11.507666666666667
2010-11-23T00:00:00Z,NA,12.75
2010-11-24T00:00:00Z,NA,11.742333333333333
2010-11-25T00:00:00Z,NA,9.706
2010-11-26T00:00:00Z,NA,10.638
2010-11-27T00:00:00Z,NA,12.017333333333333
2010-11-28T00:00:00Z,NA,12.057666666666666
2010-11-29T00:00:00Z,NA,11.920666666666666
2010-11-30T00:00:00Z,NA,11.645666666666667
2010-12-01T00:00:00Z,NA,11.662
2010-12-02T00:00:00Z,NA,12.783
2010-12-03T00:00:00Z,NA,14.776333333333334
2010-12-04T00:00:00Z,NA,12.799
2010-12-05T00:00:00Z,NA,12.606
2010-12-06T00:00:00Z,NA,11.151
2010-12-07T00:00:00Z,NA,13.104333333333333
2010-12-08T00:00:00Z,NA,13.263666666666667
2010-12-09T00:00:00Z,NA,12.694333333333333
2010-12-10T00:00:00Z,NA,12.735
2010-12-11T00:00:00Z,NA,12.702666666666667
2010-12-12T00:00:00Z,NA,12.751
2010-12-13T00:00:00Z,NA,12.936
2010-12-14T00:00:00Z,NA,12.525666666666666
2010-12-15T00:00:00Z,NA,12.493333333333334
2010-12-16T00:00:00Z,NA,12.453
2010-12-17T00:00:00Z,NA,12.372333333333334
2010-12-18T00:00:00Z,NA,12.622
2010-12-19T00:00:00Z,NA,13.184666666666667
2010-12-20T00:00:00Z,NA,12.991999999999999
2010-12-21T00:00:00Z,NA,11.491333333333333
2010-12-22T00:00:00Z,NA,13.016
2010-12-23T00:00:00Z,NA,14.153666666666666
2010-12-24T00:00:00Z,NA,12.356
2010-12-25T00:00:00Z,NA,12.396666666666667
2010-12-26T00:00:00Z,NA,12.943666666666667
2010-12-27T00:00:00Z,NA,13.024
2010-12-28T00:00:00Z,NA,13.032
2010-12-29T00:00:00Z,NA,12.895666666666667
2010-12-30T00:00:00Z,NA,12.565666666666667
2010-12-31T00:00:00Z,NA,10.849666666666666
2011-01-01T00:00:00Z,NA,12.227333333333334
2011-01-02T00:00:00Z,NA,8.965
2011-01-03T00:00:00Z,NA,10.255
2011-01-04T00:00:00Z,NA,13.454666666666666
2011-01-05T00:00:00Z,NA,12.523333333333333
2011-01-06T00:00:00Z,NA,12.757
2011-01-07T00:00:00Z,NA,12.106
2011-01-08T00:00:00Z,NA,11.183333333333334
2011-01-09T00:00:00Z,NA,11.759
2011-01-10T00:00:00Z,NA,11.847666666666667
2011-01-11T00:00:00Z,NA,11.483666666666666
2011-01-12T00:00:00Z,NA,12.372333333333334
2011-01-13T00:00:00Z,NA,12.227333333333334
2011-01-14T00:00:00Z,NA,14.655333333333333
2011-01-15T00:00:00Z,NA,15.253333333333334
2011-01-16T00:00:00Z,NA,17.73966666666667
2011-01-17T00:00:00Z,NA,16.501666666666665
2011-01-18T00:00:00Z,NA,16.890666666666664
2011-01-19T00:00:00Z,NA,15.301333333333334
2011-01-20T00:00:00Z,NA,13.560666666666666
2011-01-21T00:00:00Z,NA,14.797666666666666
2011-01-22T00:00:00Z,NA,13.824
2011-01-23T00:00:00Z,NA,12.742333333333333
2011-01-24T00:00:00Z,NA,12.001
2011-01-25T00:00:00Z,NA,12.324
2011-01-26T00:00:00Z,NA,12.59
2011-01-27T00:00:00Z,NA,12.622
2011-01-28T00:00:00Z,NA,12.751
2011-01-29T00:00:00Z,NA,13.681333333333333
2011-01-30T00:00:00Z,NA,14.592666666666668
2011-01-31T00:00:00Z,NA,12.815
2011-02-01T00:00:00Z,NA,14.951333333333332
2011-02-02T00:00:00Z,NA,16.296
2011-02-03T00:00:00Z,NA,16.065
2011-02-04T00:00:00Z,NA,14.648
2011-02-05T00:00:00Z,NA,13.954
2011-02-06T00:00:00Z,NA,14.377333333333333
2011-02-07T00:00:00Z,NA,13.713666666666667
2011-02-08T00:00:00Z,NA,12.943666666666667
2011-02-09T00:00:00Z,NA,12.509666666666668
2011-02-10T00:00:00Z,NA,12.525666666666666
2011-02-11T00:00:00Z,NA,12.073666666666666
2011-02-12T00:00:00Z,NA,12.791
2011-02-13T00:00:00Z,NA,17.74
2011-02-14T00:00:00Z,NA,17.502333333333333
2011-02-15T00:00:00Z,NA,12.63
2011-02-16T00:00:00Z,NA,15.238333333333333
2011-02-17T00:00:00Z,NA,13.393
2011-02-18T00:00:00Z,NA,11.288333333333334
2011-02-19T00:00:00Z,NA,12.025666666666666
2011-02-20T00:00:00Z,NA,9.5
2011-02-21T00:00:00Z,NA,12.364333333333333
2011-02-22T00:00:00Z,NA,12.348
2011-02-23T00:00:00Z,NA,12.734666666666667
2011-02-24T00:00:00Z,NA,12.847333333333333
2011-02-25T00:00:00Z,NA,12.831
2011-02-26T00:00:00Z,NA,12.025666666666666
2011-02-27T00:00:00Z,NA,12.218666666666667
2011-02-28T00:00:00Z,NA,15.341666666666667
2011-03-01T00:00:00Z,NA,17.256333333333334
2011-03-02T00:00:00Z,NA,15.62
2011-03-03T00:00:00Z,NA,13.04
2011-03-04T00:00:00Z,NA,15.930666666666667
2011-03-05T00:00:00Z,NA,16.692999999999998
2011-03-06T00:00:00Z,NA,16.867666666666665
2011-03-07T00:00:00Z,NA,12.654333333333334
2011-03-08T00:00:00Z,NA,11.718333333333334
2011-03-09T00:00:00Z,NA,14.297666666666666
2011-03-10T00:00:00Z,NA,13.192666666666668
2011-03-11T00:00:00Z,NA,12.291666666666668
2011-03-12T00:00:00Z,NA,11.491333333333333
2011-03-13T00:00:00Z,NA,11.508
2011-03-14T00:00:00Z,NA,11.904
2011-03-15T00:00:00Z,NA,12.951
2011-03-16T00:00:00Z,NA,15.644
2011-03-17T00:00:00Z,NA,15.087333333333333
2011-03-18T00:00:00Z,NA,15.453
2011-03-19T00:00:00Z,NA,13.032
2011-03-20T00:00:00Z,NA,9.911333333333333
2011-03-21T00:00:00Z,NA,10.328
2011-03-22T00:00:00Z,NA,12.097999999999999
2011-03-23T00:00:00Z,NA,11.993
2011-03-24T00:00:00Z,NA,11.977333333333334
2011-03-25T00:00:00Z,NA,11.855666666666668
2011-03-26T00:00:00Z,NA,11.945
2011-03-27T00:00:00Z,NA,11.581
2011-03-28T00:00:00Z,NA,12.420666666666667
2011-03-29T00:00:00Z,NA,14.041333333333334
2011-03-30T00:00:00Z,NA,18.311
2011-03-31T00:00:00Z,NA,19.563333333333333
2011-04-01T00:00:00Z,NA,21.668666666666667
2011-04-02T00:00:00Z,NA,16.072333333333333
2011-04-03T00:00:00Z,NA,12.412666666666667
2011-04-04T00:00:00Z,NA,13.993666666666666
2011-04-05T00:00:00Z,NA,15.238333333333333
2011-04-06T00:00:00Z,NA,13.048
2011-04-07T00:00:00Z,NA,11.864
2011-04-08T00:00:00Z,NA,11.289
2011-04-09T00:00:00Z,NA,10.630333333333333
2011-04-10T00:00:00Z,NA,11.345666666666666
2011-04-11T00:00:00Z,NA,12.033333333333333
2011-04-12T00:00:00Z,NA,11.960666666666667
2011-04-13T00:00:00Z,NA,11.613333333333333
2011-04-14T00:00:00Z,NA,12.339666666666666
2011-04-15T00:00:00Z,NA,15.309999999999999
2011-04-16T00:00:00Z,NA,18.223
2011-04-17T00:00:00Z,NA,18.089
2011-04-18T00:00:00Z,NA,16.367
2011-04-19T00:00:00Z,NA,16.423333333333332
2011-04-20T00:00:00Z,NA,12.670333333333334
2011-04-21T00:00:00Z,NA,12.292
2011-04-22T00:00:00Z,NA,12.525333333333334
2011-04-23T00:00:00Z,NA,11.499666666666666
2011-04-24T00:00:00Z,NA,11.839333333333334
2011-04-25T00:00:00Z,NA,12.493333333333334
2011-04-26T00:00:00Z,NA,12.429
2011-04-27T00:00:00Z,NA,12.3
2011-04-28T00:00:00Z,NA,12.033666666666667
2011-04-29T00:00:00Z,NA,12.63
2011-04-30T00:00:00Z,NA,12.122
2011-05-01T00:00:00Z,NA,13.063
2011-05-02T00:00:00Z,NA,16.367333333333335
2011-05-03T00:00:00Z,NA,15.922333333333333
2011-05-04T00:00:00Z,NA,12.742333333333333
2011-05-05T00:00:00Z,NA,12.170666666666667
2011-05-06T00:00:00Z,NA,12.533666666666667
2011-05-07T00:00:00Z,NA,13.193
2011-05-08T00:00:00Z,NA,12.727
2011-05-09T00:00:00Z,NA,13.088
2011-05-10T00:00:00Z,NA,11.791
2011-05-11T00:00:00Z,NA,11.540333333333333
2011-05-12T00:00:00Z,NA,12.380666666666666
2011-05-13T00:00:00Z,NA,12.388666666666666
2011-05-14T00:00:00Z,NA,12.130333333333333
2011-05-15T00:00:00Z,NA,11.410666666666666
2011-05-16T00:00:00Z,NA,12.211
2011-05-17T00:00:00Z,NA,11.888333333333334
2011-05-18T00:00:00Z,NA,12.033333333333333
2011-05-19T00:00:00Z,NA,12.936
2011-05-20T00:00:00Z,NA,12.323666666666668
2011-05-21T00:00:00Z,NA,12.332
2011-05-22T00:00:00Z,NA,12.405
2011-05-23T00:00:00Z,NA,11.718
2011-05-24T00:00:00Z,NA,11.985
2011-05-25T00:00:00Z,NA,11.565
2011-05-26T00:00:00Z,NA,11.524000000000001
2011-05-27T00:00:00Z,NA,12.243
2011-05-28T00:00:00Z,NA,12.195
2011-05-29T00:00:00Z,NA,11.912333333333333
2011-05-30T00:00:00Z,NA,11.799
2011-05-31T00:00:00Z,NA,11.637333333333334
2011-06-01T00:00:00Z,NA,11.726333333333333
2011-06-02T00:00:00Z,NA,11.993333333333334
2011-06-03T00:00:00Z,NA,12.243333333333334
2011-06-04T00:00:00Z,NA,11.936666666666667
2011-06-05T00:00:00Z,NA,10.923666666666668
2011-06-06T00:00:00Z,NA,12.009
2011-06-07T00:00:00Z,NA,13.112
2011-06-08T00:00:00Z,NA,13.08
2011-06-09T00:00:00Z,NA,12.847
2011-06-10T00:00:00Z,NA,12.992
2011-06-11T00:00:00Z,NA,12.34
2011-06-12T00:00:00Z,NA,12.308
2011-06-13T00:00:00Z,NA,12.791
2011-06-14T00:00:00Z,NA,12.405
2011-06-15T00:00:00Z,NA,12.235333333333333
2011-06-16T00:00:00Z,NA,12.114333333333333
2011-06-17T00:00:00Z,NA,12.533666666666667
2011-06-18T00:00:00Z,NA,13.529666666666667
2011-06-19T00:00:00Z,NA,13.866
2011-06-20T00:00:00Z,NA,13.329
2011-06-21T00:00:00Z,NA,13.144666666666666
2011-06-22T00:00:00Z,NA,13.233
2011-06-23T00:00:00Z,NA,12.943666666666667
2011-06-24T00:00:00Z,NA,13.233
2011-06-25T00:00:00Z,NA,13.112333333333334
2011-06-26T00:00:00Z,NA,13.217
2011-06-27T00:00:00Z,NA,13.225
2011-06-28T00:00:00Z,NA,13.136666666666667
2011-06-29T00:00:00Z,NA,12.96
2011-06-30T00:00:00Z,NA,14.09
2011-07-01T00:00:00Z,NA,13.112333333333334
2011-07-02T00:00:00Z,NA,13.297
2011-07-03T00:00:00Z,NA,13.176666666666666
2011-07-04T00:00:00Z,NA,12.903333333333334
2011-07-05T00:00:00Z,NA,13.914
2011-07-06T00:00:00Z,NA,13.305
2011-07-07T00:00:00Z,NA,14.018
2011-07-08T00:00:00Z,NA,14.393333333333334
2011-07-09T00:00:00Z,NA,14.082
2011-07-10T00:00:00Z,NA,14.002
2011-07-11T00:00:00Z,NA,13.794
2011-07-12T00:00:00Z,NA,13.81
2011-07-13T00:00:00Z,NA,13.706
2011-07-14T00:00:00Z,NA,13.738
2011-07-15T00:00:00Z,NA,14.433
2011-07-16T00:00:00Z,NA,15.111
2011-07-17T00:00:00Z,NA,15.708
2011-07-18T00:00:00Z,NA,15.302333333333333
2011-07-19T00:00:00Z,NA,13.858
2011-07-20T00:00:00Z,NA,13.056
2011-07-21T00:00:00Z,NA,12.839
2011-07-22T00:00:00Z,NA,13.938
2011-07-23T00:00:00Z,NA,14.409
2011-07-24T00:00:00Z,NA,14.313333333333333
2011-07-25T00:00:00Z,NA,15.207
2011-07-26T00:00:00Z,NA,14.473
2011-07-27T00:00:00Z,NA,13.954
2011-07-28T00:00:00Z,NA,14.026
2011-07-29T00:00:00Z,NA,14.154
2011-07-30T00:00:00Z,NA,14.665
2011-07-31T00:00:00Z,NA,16.264666666666667
2011-08-01T00:00:00Z,NA,18.746666666666666
2011-08-02T00:00:00Z,NA,18.778333333333332
2011-08-03T00:00:00Z,NA,16.875666666666667
2011-08-04T00:00:00Z,NA,15.421666666666667
2011-08-05T00:00:00Z,NA,14.975999999999999
2011-08-06T00:00:00Z,NA,14.752666666666666
2011-08-07T00:00:00Z,NA,14.713
2011-08-08T00:00:00Z,NA,14.21
2011-08-09T00:00:00Z,NA,13.834
2011-08-10T00:00:00Z,NA,13.361
2011-08-11T00:00:00Z,NA,14.114
2011-08-12T00:00:00Z,NA,15.167
2011-08-13T00:00:00Z,NA,16.01
2011-08-14T00:00:00Z,NA,16.359666666666666
2011-08-15T00:00:00Z,NA,16.494666666666667
2011-08-16T00:00:00Z,NA,15.541
2011-08-17T00:00:00Z,NA,15.031333333333334
2011-08-18T00:00:00Z,NA,14.058
2011-08-19T00:00:00Z,NA,13.714
2011-08-20T00:00:00Z,NA,13.449333333333334
2011-08-21T00:00:00Z,NA,13.241
2011-08-22T00:00:00Z,NA,13.866
2011-08-23T00:00:00Z,NA,14.202
2011-08-24T00:00:00Z,NA,14.345333333333333
2011-08-25T00:00:00Z,NA,14.529
2011-08-26T00:00:00Z,NA,14.601
2011-08-27T00:00:00Z,NA,14.497
2011-08-28T00:00:00Z,NA,14.521
2011-08-29T00:00:00Z,NA,16.891333333333332
2011-08-30T00:00:00Z,NA,16.51033333333333
2011-08-31T00:00:00Z,NA,18.128666666666668
2011-09-01T00:00:00Z,NA,14.991
2011-09-02T00:00:00Z,NA,12.92
2011-09-03T00:00:00Z,NA,13.137
2011-09-04T00:00:00Z,NA,13.497
2011-09-05T00:00:00Z,NA,13.81
2011-09-06T00:00:00Z,NA,14.122
2011-11-27T00:00:00Z,NA,14.05
2011-11-28T00:00:00Z,NA,14.864
2011-11-29T00:00:00Z,NA,13.281
2011-11-30T00:00:00Z,NA,13.425
2011-12-01T00:00:00Z,NA,12.823
2011-12-02T00:00:00Z,NA,11.832
2011-12-03T00:00:00Z,NA,11.71
2011-12-04T00:00:00Z,NA,12.074
2011-12-05T00:00:00Z,NA,12.654
2011-12-06T00:00:00Z,NA,15.676
2011-12-07T00:00:00Z,NA,16.32
2011-12-08T00:00:00Z,NA,16.749
2011-12-09T00:00:00Z,NA,14.816
2011-12-10T00:00:00Z,NA,16.368
2011-12-11T00:00:00Z,NA,14.601
2011-12-12T00:00:00Z,NA,11.589
2011-12-13T00:00:00Z,NA,11.321
2011-12-14T00:00:00Z,NA,12.992
2011-12-15T00:00:00Z,NA,13.233
2011-12-16T00:00:00Z,NA,13.353
2011-12-17T00:00:00Z,NA,13.329
2011-12-18T00:00:00Z,NA,13.449
2011-12-19T00:00:00Z,NA,13.377
2011-12-20T00:00:00Z,NA,13.016
2011-12-21T00:00:00Z,NA,13.497
2011-12-22T00:00:00Z,NA,16.654
2011-12-23T00:00:00Z,NA,18.366
2011-12-24T00:00:00Z,NA,17.891
2011-12-25T00:00:00Z,NA,17.034
2011-12-26T00:00:00Z,NA,16.368
2011-12-27T00:00:00Z,NA,13.858
2011-12-28T00:00:00Z,NA,14.601
2011-12-29T00:00:00Z,NA,13.425
2011-12-30T00:00:00Z,NA,12.509
2011-12-31T00:00:00Z,NA,12.799
2012-01-01T00:00:00Z,NA,12.678
2012-01-02T00:00:00Z,NA,12.727
2012-01-03T00:00:00Z,NA,13.064
2012-01-04T00:00:00Z,NA,13.594
2012-01-05T00:00:00Z,NA,15.031
2012-01-06T00:00:00Z,NA,17.938
2012-01-07T00:00:00Z,NA,14.673
2012-01-08T00:00:00Z,NA,18.604
2012-01-09T00:00:00Z,NA,18.01
2012-01-10T00:00:00Z,NA,18.509
2012-01-11T00:00:00Z,NA,13.906
2012-01-12T00:00:00Z,NA,12.703
2012-01-13T00:00:00Z,NA,14.314
2012-01-14T00:00:00Z,NA,12.703
2012-01-15T00:00:00Z,NA,12.364
2012-01-16T00:00:00Z,NA,13.088
2012-01-17T00:00:00Z,NA,12.364
2012-01-18T00:00:00Z,NA,12.389
2012-01-19T00:00:00Z,NA,14.745
2012-01-20T00:00:00Z,NA,12.364
2012-01-21T00:00:00Z,NA,12.678
2012-01-22T00:00:00Z,NA,12.896
2012-01-23T00:00:00Z,NA,12.147
2012-01-24T00:00:00Z,NA,14.697
2012-01-25T00:00:00Z,NA,15.151
2012-01-26T00:00:00Z,NA,17.534
2012-01-27T00:00:00Z,NA,14.505
2012-01-28T00:00:00Z,NA,13.329
2012-01-29T00:00:00Z,NA,12.871
2012-01-30T00:00:00Z,NA,13.281
2012-01-31T00:00:00Z,NA,12.219
2012-02-01T00:00:00Z,NA,12.437
2012-02-02T00:00:00Z,NA,13.522
2012-02-03T00:00:00Z,NA,16.415
2012-02-04T00:00:00Z,NA,22.753
2012-02-05T00:00:00Z,NA,20.222
2012-02-06T00:00:00Z,NA,17.819
2012-02-07T00:00:00Z,NA,13.088
2012-02-08T00:00:00Z,NA,13.473
2012-02-09T00:00:00Z,NA,17.796
2012-02-10T00:00:00Z,NA,17.677
2012-02-11T00:00:00Z,NA,13.257
2012-02-12T00:00:00Z,NA,12.485
2012-02-13T00:00:00Z,NA,12.437
2012-02-14T00:00:00Z,NA,11.929
2012-02-15T00:00:00Z,NA,12.001
2012-02-16T00:00:00Z,NA,12.025
2012-02-17T00:00:00Z,NA,16.177
2012-02-18T00:00:00Z,NA,17.011
2012-02-19T00:00:00Z,NA,14.768
2012-02-20T00:00:00Z,NA,14.481
2012-02-21T00:00:00Z,NA,16.844
2012-02-22T00:00:00Z,NA,16.773
2012-02-23T00:00:00Z,NA,20.746
2012-02-24T00:00:00Z,NA,15.867
2012-02-25T00:00:00Z,NA,11.662
2012-02-26T00:00:00Z,NA,12.992
2012-02-27T00:00:00Z,NA,10.98
2012-02-28T00:00:00Z,NA,11.419
2012-02-29T00:00:00Z,NA,11.516
2012-03-01T00:00:00Z,NA,11.102
2012-03-02T00:00:00Z,NA,12.316
2012-03-03T00:00:00Z,NA,18.319
2012-03-04T00:00:00Z,NA,22.92
2012-03-05T00:00:00Z,NA,24.074
2012-03-06T00:00:00Z,NA,20.269
2012-03-07T00:00:00Z,NA,12.678
2012-03-08T00:00:00Z,NA,18.366
2012-03-09T00:00:00Z,NA,23.208
2012-03-10T00:00:00Z,NA,19.389
2012-03-11T00:00:00Z,NA,14.984
2012-03-12T00:00:00Z,NA,12.243
2012-03-13T00:00:00Z,NA,11.37
2012-03-14T00:00:00Z,NA,11.078
2012-03-15T00:00:00Z,NA,11.394
2012-03-16T00:00:00Z,NA,11.637
2012-03-17T00:00:00Z,NA,11.637
2012-03-18T00:00:00Z,NA,10.516
2012-03-19T00:00:00Z,NA,10.932
2012-03-20T00:00:00Z,NA,15.199
2012-03-21T00:00:00Z,NA,20.269
2012-03-22T00:00:00Z,NA,19.365
2012-03-23T00:00:00Z,NA,16.487
2012-03-24T00:00:00Z,NA,17.582
2012-03-25T00:00:00Z,NA,10.663
2012-03-26T00:00:00Z,NA,11.053
2012-03-27T00:00:00Z,NA,12.558
2012-03-28T00:00:00Z,NA,12.001
2012-03-29T00:00:00Z,NA,12.389
2012-03-30T00:00:00Z,NA,12.171
2012-03-31T00:00:00Z,NA,11.589
2012-04-01T00:00:00Z,NA,11.589
2012-04-02T00:00:00Z,NA,11.953
2012-04-03T00:00:00Z,NA,12.823
2012-04-04T00:00:00Z,NA,13.906
2012-04-05T00:00:00Z,NA,16.177
2012-04-06T00:00:00Z,NA,13.69
2012-04-07T00:00:00Z,NA,16.844
2012-04-08T00:00:00Z,NA,18.343
2012-04-09T00:00:00Z,NA,13.834
2012-04-10T00:00:00Z,NA,11.224
2012-04-11T00:00:00Z,NA,10.736
2012-04-12T00:00:00Z,NA,11.54
2012-04-13T00:00:00Z,NA,11.443
2012-04-14T00:00:00Z,NA,12.074
2012-04-15T00:00:00Z,NA,11.394
2012-04-16T00:00:00Z,NA,11.759
2012-04-17T00:00:00Z,NA,14.625
2012-04-18T00:00:00Z,NA,13.401
2012-04-19T00:00:00Z,NA,15.199
2012-04-20T00:00:00Z,NA,18.652
2012-04-21T00:00:00Z,NA,15.079
2012-04-22T00:00:00Z,NA,12.147
2012-04-23T00:00:00Z,NA,12.292
2012-04-24T00:00:00Z,NA,12.316
2012-04-25T00:00:00Z,NA,12.703
2012-04-26T00:00:00Z,NA,11.637
2012-04-27T00:00:00Z,NA,12.992
2012-04-28T00:00:00Z,NA,11.953
2012-04-29T00:00:00Z,NA,11.394
2012-04-30T00:00:00Z,NA,10.98
2012-05-01T00:00:00Z,NA,11.078
2012-05-02T00:00:00Z,NA,11.613
2012-05-03T00:00:00Z,NA,11.904
2012-05-04T00:00:00Z,NA,12.316
2012-05-05T00:00:00Z,NA,13.209
2012-05-06T00:00:00Z,NA,14.721
2012-05-07T00:00:00Z,NA,15.151
2012-05-08T00:00:00Z,NA,13.449
2012-05-09T00:00:00Z,NA,11.686
2012-05-10T00:00:00Z,NA,12.34
2012-05-11T00:00:00Z,NA,12.243
2012-05-12T00:00:00Z,NA,12.389
2012-05-13T00:00:00Z,NA,12.558
2012-05-14T00:00:00Z,NA,13.401
2012-05-15T00:00:00Z,NA,14.122
2012-05-16T00:00:00Z,NA,13.978
2012-05-17T00:00:00Z,NA,13.858
2012-05-18T00:00:00Z,NA,12.992
2012-05-19T00:00:00Z,NA,12.678
2012-05-20T00:00:00Z,NA,12.871
2012-05-21T00:00:00Z,NA,13.233
2012-05-22T00:00:00Z,NA,13.305
2012-05-23T00:00:00Z,NA,13.281
2012-05-24T00:00:00Z,NA,12.147
2012-05-25T00:00:00Z,NA,11.516
2012-05-26T00:00:00Z,NA,11.053
2012-05-27T00:00:00Z,NA,10.614
2012-05-28T00:00:00Z,NA,11.904
2012-05-29T00:00:00Z,NA,12.122
2012-05-30T00:00:00Z,NA,12.098
2012-05-31T00:00:00Z,NA,11.856
2012-06-01T00:00:00Z,NA,12.025
2012-06-02T00:00:00Z,NA,11.565
2012-06-03T00:00:00Z,NA,11.904
2012-06-04T00:00:00Z,NA,12.098
2012-06-05T00:00:00Z,NA,13.954
2012-06-06T00:00:00Z,NA,12.847
2012-06-07T00:00:00Z,NA,12.389
2012-06-08T00:00:00Z,NA,11.589
2012-06-09T00:00:00Z,NA,11.686
2012-06-10T00:00:00Z,NA,11.102
2012-06-11T00:00:00Z,NA,11.492
2012-06-12T00:00:00Z,NA,11.856
2012-06-13T00:00:00Z,NA,12.05
2012-06-14T00:00:00Z,NA,12.171
2012-06-15T00:00:00Z,NA,11.953
2012-06-16T00:00:00Z,NA,12.678
2012-06-17T00:00:00Z,NA,14.768
2012-06-18T00:00:00Z,NA,14.481
2012-06-19T00:00:00Z,NA,14.84
2012-06-20T00:00:00Z,NA,15.39
2012-06-21T00:00:00Z,NA,14.002
2012-06-22T00:00:00Z,NA,14.768
2012-06-23T00:00:00Z,NA,14.768
2012-06-24T00:00:00Z,NA,14.242
2012-06-25T00:00:00Z,NA,13.858
2012-06-26T00:00:00Z,NA,13.401
2012-06-27T00:00:00Z,NA,13.137
2012-06-28T00:00:00Z,NA,12.992
2012-06-29T00:00:00Z,NA,13.618
2012-06-30T00:00:00Z,NA,14.074
2012-07-01T00:00:00Z,NA,14.194
2012-07-02T00:00:00Z,NA,14.625
2012-07-03T00:00:00Z,NA,13.69
2012-07-04T00:00:00Z,NA,14.218
2012-07-05T00:00:00Z,NA,13.762
2012-07-06T00:00:00Z,NA,14.05
2012-07-07T00:00:00Z,NA,13.642
2012-07-08T00:00:00Z,NA,13.257
2012-07-09T00:00:00Z,NA,13.93
2012-07-10T00:00:00Z,NA,14.026
2012-07-11T00:00:00Z,NA,13.185
2012-07-12T00:00:00Z,NA,13.064
2012-07-13T00:00:00Z,NA,13.449
2012-07-14T00:00:00Z,NA,13.473
2012-07-15T00:00:00Z,NA,13.93
2012-07-16T00:00:00Z,NA,13.57
2012-07-17T00:00:00Z,NA,12.534
2012-07-18T00:00:00Z,NA,13.497
2012-07-19T00:00:00Z,NA,13.81
2012-07-20T00:00:00Z,NA,15.414
2012-07-21T00:00:00Z,NA,14.601
2012-07-22T00:00:00Z,NA,14.768
2012-07-23T00:00:00Z,NA,14.146
2012-07-24T00:00:00Z,NA,13.93
2012-07-25T00:00:00Z,NA,14.385
2012-07-26T00:00:00Z,NA,14.529
2012-07-27T00:00:00Z,NA,15.151
2012-07-28T00:00:00Z,NA,15.891
2012-07-29T00:00:00Z,NA,15.27
2012-07-30T00:00:00Z,NA,14.601
2012-07-31T00:00:00Z,NA,13.377
2012-08-01T00:00:00Z,NA,13.594
2012-08-02T00:00:00Z,NA,17.415
2012-08-03T00:00:00Z,NA,16.344
2012-08-04T00:00:00Z,NA,16.177
2012-08-05T00:00:00Z,NA,14.864
2012-08-06T00:00:00Z,NA,14.96
2012-08-07T00:00:00Z,NA,14.505
2012-08-08T00:00:00Z,NA,14.122
2012-08-09T00:00:00Z,NA,13.137
2012-08-10T00:00:00Z,NA,13.281
2012-08-11T00:00:00Z,NA,13.738
2012-08-12T00:00:00Z,NA,13.497
2012-08-13T00:00:00Z,NA,14.05
2012-08-14T00:00:00Z,NA,14.026
2012-08-15T00:00:00Z,NA,13.69
2012-08-16T00:00:00Z,NA,13.69
2012-08-17T00:00:00Z,NA,14.864
2012-08-18T00:00:00Z,NA,15.414
2012-08-19T00:00:00Z,NA,16.654
2012-08-20T00:00:00Z,NA,15.031
2012-08-21T00:00:00Z,NA,13.93
2012-08-22T00:00:00Z,NA,14.05
2012-08-23T00:00:00Z,NA,14.098
2012-08-24T00:00:00Z,NA,14.649
2012-08-25T00:00:00Z,NA,14.768
2012-08-26T00:00:00Z,NA,14.768
2012-08-27T00:00:00Z,NA,16.177
2012-08-28T00:00:00Z,NA,16.225
2012-08-29T00:00:00Z,NA,15.724
2012-08-30T00:00:00Z,NA,15.366
2012-08-31T00:00:00Z,NA,17.153
2012-09-01T00:00:00Z,NA,16.249
2012-09-02T00:00:00Z,NA,16.415
2012-09-03T00:00:00Z,NA,14.912
2012-09-04T00:00:00Z,NA,14.098
2012-09-05T00:00:00Z,NA,14.002
2012-09-06T00:00:00Z,NA,14.505
2012-09-07T00:00:00Z,NA,14.745
2012-09-08T00:00:00Z,NA,14.984
2012-09-09T00:00:00Z,NA,15.39
2012-09-10T00:00:00Z,NA,14.314
2012-09-11T00:00:00Z,NA,14.194
2012-09-12T00:00:00Z,NA,15.103
2012-09-13T00:00:00Z,NA,14.601
2012-09-14T00:00:00Z,NA,15.008
2012-09-15T00:00:00Z,NA,17.748
2012-09-16T00:00:00Z,NA,17.415
2012-09-17T00:00:00Z,NA,16.511
2012-09-18T00:00:00Z,NA,15.963
2012-09-19T00:00:00Z,NA,15.223
2012-09-20T00:00:00Z,NA,14.553
2012-09-21T00:00:00Z,NA,14.05
2012-09-22T00:00:00Z,NA,14.409
2012-10-14T00:00:00Z,26.64,NA
2012-10-15T00:00:00Z,18.55,13.738
2012-10-16T00:00:00Z,16.99,20.1385
2012-10-17T00:00:00Z,16.67,19.341
2012-10-18T00:00:00Z,15.64,18.686999999999998
2012-10-19T00:00:00Z,15.7,18.2235
2012-10-20T00:00:00Z,15.56,15.628499999999999
2012-10-21T00:00:00Z,15.32,15.139
2012-10-22T00:00:00Z,15.63,15.568999999999999
2012-10-23T00:00:00Z,14.63,14.529
2012-10-24T00:00:00Z,15.17,15.223
2012-10-25T00:00:00Z,14.97,15.067
2012-10-26T00:00:00Z,15.32,16.272
2012-10-27T00:00:00Z,16.21,19.104
2012-10-28T00:00:00Z,17.69,20.996000000000002
2012-10-29T00:00:00Z,16.78,19.579
2012-10-30T00:00:00Z,15.09,14.624500000000001
2012-10-31T00:00:00Z,14.39,13.942
2012-11-01T00:00:00Z,14.74,14.876000000000001
2012-11-02T00:00:00Z,15.52,15.783999999999999
2012-11-03T00:00:00Z,14.28,14.924
2012-11-04T00:00:00Z,14.61,15.294
2012-11-05T00:00:00Z,14.09,14.074000000000002
2012-11-06T00:00:00Z,14.14,14.098
2012-11-07T00:00:00Z,14.18,14.158000000000001
2012-11-08T00:00:00Z,14.71,14.553
2012-11-09T00:00:00Z,14.97,14.876000000000001
2012-11-10T00:00:00Z,14,13.894
2012-11-11T00:00:00Z,13.41,14.3845
2012-11-12T00:00:00Z,13.44,15.2225
2012-11-13T00:00:00Z,13.7,15.568999999999999
2012-11-14T00:00:00Z,14.47,16.749
2012-11-15T00:00:00Z,14.47,15.139
2012-11-16T00:00:00Z,14.89,16.2365
2012-11-17T00:00:00Z,14.83,14.876000000000001
2012-11-18T00:00:00Z,13.45,13.437000000000001
2012-11-19T00:00:00Z,13.91,13.966000000000001
2012-11-20T00:00:00Z,14.7,14.600999999999999
2012-11-21T00:00:00Z,15,14.911999999999999
2012-11-22T00:00:00Z,14.87,14.84
2012-11-23T00:00:00Z,14.69,14.684999999999999
2012-11-24T00:00:00Z,15.01,15.306000000000001
2012-11-25T00:00:00Z,16.04,17.308
2012-11-26T00:00:00Z,15.14,16.07
2012-11-27T00:00:00Z,14.27,14.4215
2012-11-28T00:00:00Z,14.33,16.737000000000002
2012-11-29T00:00:00Z,14.62,14.613
2012-11-30T00:00:00Z,15.23,15.258500000000002
2012-12-01T00:00:00Z,15.36,15.616499999999998
2012-12-02T00:00:00Z,15.39,15.521
2012-12-03T00:00:00Z,15.42,15.282499999999999
2012-12-04T00:00:00Z,15.27,15.139
2012-12-05T00:00:00Z,15.33,15.199
2012-12-06T00:00:00Z,15.42,15.222999999999999
2012-12-07T00:00:00Z,15.42,15.33
2012-12-08T00:00:00Z,15.1,14.936
2012-12-09T00:00:00Z,14.89,14.756499999999999
2012-12-10T00:00:00Z,14.83,15.377500000000001
2012-12-11T00:00:00Z,16.04,16.832
2012-12-12T00:00:00Z,15.67,15.533
2012-12-13T00:00:00Z,12.95,12.617999999999999
2012-12-14T00:00:00Z,12.69,13.329
2012-12-15T00:00:00Z,12.11,12.315999999999999
2012-12-16T00:00:00Z,11.99,11.5525
2012-12-17T00:00:00Z,13.99,13.942
2012-12-18T00:00:00Z,14.35,14.218
2012-12-19T00:00:00Z,13.65,13.629999999999999
2012-12-20T00:00:00Z,12.94,12.786999999999999
2012-12-21T00:00:00Z,12.92,12.799
2012-12-22T00:00:00Z,12.76,12.715
2012-12-23T00:00:00Z,13.18,13.064
2012-12-24T00:00:00Z,13.18,12.98
2012-12-25T00:00:00Z,13.31,13.905999999999999
2012-12-26T00:00:00Z,12.82,13.280999999999999
2012-12-27T00:00:00Z,12.13,12.6665
2012-12-28T00:00:00Z,12.01,12.5215
2012-12-29T00:00:00Z,13.49,14.2045
2012-12-30T00:00:00Z,12.8,13.1005
2012-12-31T00:00:00Z,11.9,12.1705
2013-01-01T00:00:00Z,11.6,11.1875
2013-01-02T00:00:00Z,12.38,12.1465
2013-01-03T00:00:00Z,12.41,12.2915
2013-01-04T00:00:00Z,12.66,12.594000000000001
2013-01-05T00:00:00Z,12.7,12.582
2013-01-06T00:00:00Z,12.57,12.497
2013-01-07T00:00:00Z,12.58,12.460999999999999
2013-01-08T00:00:00Z,13.57,14.146
2013-01-09T00:00:00Z,14.98,16.117
2013-01-10T00:00:00Z,13.3,12.9795
2013-01-11T00:00:00Z,10.49,11.0655
2013-01-12T00:00:00Z,10.78,11.394
2013-01-13T00:00:00Z,10.41,11.1015
2013-01-14T00:00:00Z,9.89,10.662500000000001
2013-01-15T00:00:00Z,9.53,10.1975
2013-01-16T00:00:00Z,10.52,10.9315
2013-01-17T00:00:00Z,11.23,11.928
2013-01-18T00:00:00Z,11.9,12.013
2013-01-19T00:00:00Z,12.32,12.255500000000001
2013-01-20T00:00:00Z,12.32,12.2915
2013-01-21T00:00:00Z,12.71,13.1365
2013-01-22T00:00:00Z,14.16,17.153
2013-01-23T00:00:00Z,15.56,16.2365
2013-01-24T00:00:00Z,13.59,13.858
2013-01-25T00:00:00Z,15.04,15.139
2013-01-26T00:00:00Z,16.93,18.5445
2013-01-27T00:00:00Z,13.01,13.942
2013-01-28T00:00:00Z,11.79,12.219000000000001
2013-01-29T00:00:00Z,12.24,12.606
2013-01-30T00:00:00Z,13.13,14.2285
2013-01-31T00:00:00Z,13.13,14.2415
2013-02-01T00:00:00Z,12.3,12.557500000000001
2013-02-02T00:00:00Z,12.26,12.207
2013-02-03T00:00:00Z,12.31,12.171
2013-02-04T00:00:00Z,12.54,12.461500000000001
2013-02-05T00:00:00Z,12.46,12.4855
2013-02-06T00:00:00Z,12.3,12.437000000000001
2013-02-07T00:00:00Z,15.21,16.153
2013-02-08T00:00:00Z,15.16,15.961500000000001
2013-02-09T00:00:00Z,11.08,10.6135
2013-02-10T00:00:00Z,13.02,14.024999999999999
2013-02-11T00:00:00Z,14.84,16.8315
2013-02-12T00:00:00Z,13.91,15.174
2013-02-13T00:00:00Z,13.37,14.565
2013-02-14T00:00:00Z,12.88,13.4375
2013-02-15T00:00:00Z,12.61,12.871500000000001
2013-02-16T00:00:00Z,12.73,12.8955
2013-02-17T00:00:00Z,12.95,13.004
2013-02-18T00:00:00Z,12.64,12.6785
2013-02-19T00:00:00Z,11.65,11.454999999999998
2013-02-20T00:00:00Z,11,9.989
2013-02-21T00:00:00Z,11.73,12.339500000000001
2013-02-22T00:00:00Z,14.5,16.022
2013-02-23T00:00:00Z,15.96,17.415
2013-02-24T00:00:00Z,13.38,14.3375
2013-02-25T00:00:00Z,15.41,16.939
2013-02-26T00:00:00Z,14.21,15.7235
2013-02-27T00:00:00Z,14.67,16.7845
2013-02-28T00:00:00Z,14.56,16.5705
2013-03-01T00:00:00Z,13.13,14.014
2013-03-02T00:00:00Z,12.44,14.001000000000001
2013-03-03T00:00:00Z,12.3,12.4855
2013-03-04T00:00:00Z,12.42,12.4735
2013-03-05T00:00:00Z,12.17,12.243500000000001
2013-03-06T00:00:00Z,11.94,11.8435
2013-03-07T00:00:00Z,12.28,12.763
2013-03-08T00:00:00Z,12.47,13.362
2013-03-09T00:00:00Z,13.41,14.1695
2013-03-10T00:00:00Z,15.52,17.0935
2013-03-11T00:00:00Z,15.86,17.700499999999998
2013-03-12T00:00:00Z,15.17,16.463
2013-03-13T00:00:00Z,15.4,17.3795
2013-03-14T00:00:00Z,13.11,13.1365
2013-03-15T00:00:00Z,12.17,12.5335
2013-03-16T00:00:00Z,12.26,12.654499999999999
2013-03-17T00:00:00Z,11.93,12.085999999999999
2013-03-18T00:00:00Z,11.68,11.7955
2013-03-19T00:00:00Z,11.59,11.600999999999999
2013-03-20T00:00:00Z,11.91,12.496500000000001
2013-03-21T00:00:00Z,11.9,13.038499999999999
2013-03-22T00:00:00Z,12.71,13.8325
2013-03-23T00:00:00Z,13.75,17.9025
2013-03-24T00:00:00Z,15.86,16.5345
2013-03-25T00:00:00Z,17.32,19.353
2013-03-26T00:00:00Z,15.54,16.808500000000002
2013-03-27T00:00:00Z,17.05,19.3415
2013-03-28T00:00:00Z,14.81,15.055
2013-03-29T00:00:00Z,15.21,18.0095
2013-03-30T00:00:00Z,13.77,15.305
2013-03-31T00:00:00Z,14.08,17.543
2013-04-01T00:00:00Z,12.84,12.8955
2013-04-02T00:00:00Z,13.12,13.1245
2013-04-03T00:00:00Z,14.14,14.206
2013-04-04T00:00:00Z,13.22,13.197
2013-04-05T00:00:00Z,13.1,13.052
2013-04-06T00:00:00Z,13.72,14.780000000000001
2013-04-07T00:00:00Z,14.53,15.6145
2013-04-08T00:00:00Z,15.72,18.2115
2013-04-09T00:00:00Z,13.07,15.0185
2013-04-10T00:00:00Z,16.14,18.664
2013-04-11T00:00:00Z,15.44,19.246000000000002
2013-04-12T00:00:00Z,12.1,13.473
2013-04-13T00:00:00Z,11.11,12.0135
2013-04-14T00:00:00Z,10.75,11.078
2013-04-15T00:00:00Z,11.12,11.236
2013-04-16T00:00:00Z,11.46,11.588999999999999
2013-04-17T00:00:00Z,11.42,11.516
2013-04-18T00:00:00Z,11.48,11.6255
2013-04-19T00:00:00Z,11.86,11.9525
2013-04-20T00:00:00Z,12.34,12.412500000000001
2013-04-21T00:00:00Z,12.5,12.763000000000002
2013-04-22T00:00:00Z,11.96,12.593
2013-04-23T00:00:00Z,11.91,12.845
2013-04-24T00:00:00Z,13.76,15.838000000000001
2013-04-25T00:00:00Z,14.03,15.053
2013-04-26T00:00:00Z,19.7,23.6265
2013-04-27T00:00:00Z,15.65,18.64
2013-04-28T00:00:00Z,14.16,16.1165
2013-04-29T00:00:00Z,13.38,14.0855
2013-04-30T00:00:00Z,12.22,12.147
2013-05-01T00:00:00Z,11.65,11.577
2013-05-02T00:00:00Z,12.51,12.57
2013-05-03T00:00:00Z,13.86,13.834
2013-05-04T00:00:00Z,13.56,13.57
2013-05-05T00:00:00Z,13.15,12.98
2013-05-06T00:00:00Z,13.12,12.956
2013-05-07T00:00:00Z,13.87,14.074
2013-05-08T00:00:00Z,15.6,17.485
2013-05-09T00:00:00Z,15.6,17.4615
2013-05-10T00:00:00Z,15.43,17.319499999999998
2013-05-11T00:00:00Z,16.16,18.402
2013-05-12T00:00:00Z,14.84,14.899999999999999
2013-05-13T00:00:00Z,14.16,15.2225
2013-05-14T00:00:00Z,13.59,13.69
2013-05-15T00:00:00Z,13.63,13.882
2013-05-16T00:00:00Z,13.67,13.954
2013-05-17T00:00:00Z,13.49,13.389
2013-05-18T00:00:00Z,13.84,14.074
2013-05-19T00:00:00Z,13.16,13.472999999999999
2013-05-20T00:00:00Z,12.46,12.751000000000001
2013-05-21T00:00:00Z,12.38,12.642
2013-05-22T00:00:00Z,12.28,12.534
2013-05-23T00:00:00Z,12.13,12.449
2013-05-24T00:00:00Z,12.36,13.1965
2013-05-25T00:00:00Z,12,13.400500000000001
2013-05-26T00:00:00Z,NA,13.665
2013-05-27T00:00:00Z,NA,14.897499999999999
2013-05-28T00:00:00Z,NA,13.317
2013-05-29T00:00:00Z,NA,13.606
2013-05-30T00:00:00Z,NA,13.052
2013-05-31T00:00:00Z,NA,12.437
2013-06-01T00:00:00Z,NA,11.6735
2013-06-02T00:00:00Z,NA,11.6375
2013-06-03T00:00:00Z,NA,11.8195
2013-06-04T00:00:00Z,NA,12.98
2013-06-05T00:00:00Z,NA,13.376999999999999
2013-06-06T00:00:00Z,NA,13.93
2013-06-07T00:00:00Z,NA,13.461
2013-06-08T00:00:00Z,NA,12.7025
2013-06-09T00:00:00Z,NA,13.461
2013-06-10T00:00:00Z,NA,12.8595
2013-06-11T00:00:00Z,NA,14.3495
2013-06-12T00:00:00Z,NA,15.126999999999999
2013-06-13T00:00:00Z,NA,13.713999999999999
2013-06-14T00:00:00Z,NA,14.002
2013-06-15T00:00:00Z,NA,13.497499999999999
2013-06-16T00:00:00Z,NA,13.461500000000001
2013-06-17T00:00:00Z,NA,14.038
2013-06-18T00:00:00Z,NA,14.253499999999999
2013-06-19T00:00:00Z,NA,13.642
2013-06-20T00:00:00Z,NA,12.799
2013-06-21T00:00:00Z,NA,12.5335
2013-06-22T00:00:00Z,NA,12.6905
2013-06-23T00:00:00Z,NA,13.6415
2013-06-24T00:00:00Z,NA,13.400500000000001
2013-06-25T00:00:00Z,NA,16.3765
2013-06-26T00:00:00Z,NA,18.3305
2013-06-27T00:00:00Z,NA,14.84
2013-06-28T00:00:00Z,NA,14.193999999999999
2013-06-29T00:00:00Z,NA,13.582
2013-06-30T00:00:00Z,NA,13.5095
2013-07-01T00:00:00Z,NA,12.8475
2013-07-02T00:00:00Z,NA,12.920000000000002
2013-07-03T00:00:00Z,NA,13.905999999999999
2013-07-04T00:00:00Z,NA,13.714
2013-07-05T00:00:00Z,NA,14.3255
2013-07-06T00:00:00Z,NA,15.306000000000001
2013-07-07T00:00:00Z,NA,14.96
2013-07-08T00:00:00Z,NA,15.6045
2013-07-09T00:00:00Z,NA,17.3435
2013-07-10T00:00:00Z,NA,16.2725
2013-07-11T00:00:00Z,NA,14.888000000000002
2013-07-12T00:00:00Z,NA,16.6295
2013-07-13T00:00:00Z,NA,15.866999999999999
2013-07-14T00:00:00Z,NA,14.876000000000001
2013-07-15T00:00:00Z,NA,15.2585
2013-07-16T00:00:00Z,NA,15.0075
2013-07-17T00:00:00Z,NA,15.1865
2013-07-18T00:00:00Z,NA,14.816500000000001
2013-07-19T00:00:00Z,NA,14.3375
2013-07-20T00:00:00Z,NA,13.809999999999999
2013-07-21T00:00:00Z,NA,13.725999999999999
2013-07-22T00:00:00Z,NA,13.389
2013-07-23T00:00:00Z,NA,18.389499999999998
2013-07-24T00:00:00Z,NA,16.9625
2013-07-25T00:00:00Z,NA,16.1655
2013-07-26T00:00:00Z,NA,16.2845
2013-07-27T00:00:00Z,NA,15.4975
2013-07-28T00:00:00Z,NA,14.588999999999999
2013-07-29T00:00:00Z,NA,14.29
2013-07-30T00:00:00Z,NA,14.756499999999999
2013-07-31T00:00:00Z,NA,15.4495
2013-08-01T00:00:00Z,NA,14.924
2013-08-02T00:00:00Z,NA,15.366
2013-08-03T00:00:00Z,NA,15.4255
2013-08-04T00:00:00Z,NA,15.5565
2013-08-05T00:00:00Z,NA,16.2595
2013-08-06T00:00:00Z,NA,17.6645
2013-08-07T00:00:00Z,NA,21.4845
2013-08-08T00:00:00Z,NA,22.124000000000002
2013-08-09T00:00:00Z,NA,22.134
2013-08-10T00:00:00Z,NA,19.247
